P0,558.99,102,producto/P0.jpg
P1,62.99,755,producto/P1.jpg
P2,657.99,171,producto/P2.jpg
P3,456.99,783,producto/P3.jpg
P4,455.99,298,producto/P4.jpg
P5,158.99,758,producto/P5.jpg
P6,168.99,595,producto/P6.jpg
P7,548.99,396,producto/P7.jpg
P8,19.99,354,producto/P8.jpg
P9,471.99,179,producto/P9.jpg
P10,541.99,651,producto/P10.jpg
P11,873.99,400,producto/P11.jpg
P12,202.99,842,producto/P12.jpg
P13,766.99,46,producto/P13.jpg
P14,604.99,998,producto/P14.jpg
P15,918.99,958,producto/P15.jpg
P16,288.99,695,producto/P16.jpg
P17,233.99,116,producto/P17.jpg
P18,140.99,730,producto/P18.jpg
P19,521.99,94,producto/P19.jpg
P20,47.99,524,producto/P20.jpg
P21,317.99,619,producto/P21.jpg
P22,199.99,758,producto/P22.jpg
P23,536.99,749,producto/P23.jpg
P24,71.99,868,producto/P24.jpg
P25,862.99,658,producto/P25.jpg
P26,13.99,929,producto/P26.jpg
P27,206.99,363,producto/P27.jpg
P28,407.99,893,producto/P28.jpg
P29,324.99,732,producto/P29.jpg
P30,819.99,919,producto/P30.jpg
P31,563.99,709,producto/P31.jpg
P32,552.99,366,producto/P32.jpg
P33,879.99,797,producto/P33.jpg
P34,416.99,66,producto/P34.jpg
P35,164.99,229,producto/P35.jpg
P36,244.99,881,producto/P36.jpg
P37,284.99,535,producto/P37.jpg
P38,503.99,931,producto/P38.jpg
P39,643.99,41,producto/P39.jpg
P40,883.99,598,producto/P40.jpg
P41,167.99,179,producto/P41.jpg
P42,71.99,327,producto/P42.jpg
P43,693.99,711,producto/P43.jpg
P44,31.99,246,producto/P44.jpg
P45,842.99,220,producto/P45.jpg
P46,88.99,373,producto/P46.jpg
P47,127.99,570,producto/P47.jpg
P48,180.99,758,producto/P48.jpg
P49,501.99,343,producto/P49.jpg